clockspeed,length,HighestRamUsage,AvgRamUsage
2,103957692413,11.00610352,11.00610352
2.2,105291126524,20.09859848,20.09859848
2.3,78306432526,4.317475586,4.317475586
2.5,85644903258,58.51168213,58.51168213
2.6,50542997136,6.324296874,6.324296874
2.8,60117559682,6.800415039,6.800415039
3.1,55437219560,2.782226563,2.782226563
